[syntax],[category1],[category2]
GETID,スクリプト関数,ウィンドウ関連
CLKITEM,スクリプト関数,ウィンドウ関連
CHKBTN,スクリプト関数,ウィンドウ関連
CTRLWIN,スクリプト関数,ウィンドウ関連
SENDSTR,スクリプト関数,ウィンドウ関連
GETSTR,スクリプト関数,ウィンドウ関連
GETITEM,スクリプト関数,ウィンドウ関連
GETSLCTLST,スクリプト関数,ウィンドウ関連
SETSLIDER,スクリプト関数,ウィンドウ関連
GETSLIDER,スクリプト関数,ウィンドウ関連
SCKEY,スクリプト関数,ウィンドウ関連
GETALLWIN,スクリプト関数,ウィンドウ関連
STATUS,スクリプト関数,ウィンドウ関連
MOUSEORG,スクリプト関数,ウィンドウ関連
PEEKCOLOR,スクリプト関数,ウィンドウ関連
CHKIMG,スクリプト関数,ウィンドウ関連
SAVEIMG,スクリプト関数,ウィンドウ関連
MUSCUR,スクリプト関数,ウィンドウ関連
POSACC,スクリプト関数,ウィンドウ関連
INPUT,スクリプト関数,ダイアログ/表示関連
MSGBOX,スクリプト関数,ダイアログ/表示関連
SLCTBOX,スクリプト関数,ダイアログ/表示関連
POPUPMENU,スクリプト関数,ダイアログ/表示関連
BALLOON,スクリプト関数,ダイアログ/表示関連
FUKIDASI,スクリプト関数,ダイアログ/表示関連
STOPFORM,スクリプト関数,ダイアログ/表示関連
LOGPRINT,スクリプト関数,ダイアログ/表示関連
MONITOR,スクリプト関数,ダイアログ/表示関連
EXEC,スクリプト関数,制御関数関連
SLEEP,スクリプト関数,制御関数関連
DOSCMD,スクリプト関数,制御関数関連
POWERSHELL,スクリプト関数,制御関数関連
SOUND,スクリプト関数,制御関数関連
GETTIME,スクリプト関数,制御関数関連
POFF,スクリプト関数,制御関数関連
KINDOFOS,スクリプト関数,制御関数関連
CPUUSERATE,スクリプト関数,制御関数関連
GETKEYSTATE,スクリプト関数,制御関数関連
SETHOTKEY,スクリプト関数,制御関数関連
LOCKHARD,スクリプト関数,制御関数関連
LOCKHARDEX,スクリプト関数,制御関数関連
EVAL,スクリプト関数,制御関数関連
SENSOR,スクリプト関数,制御関数関連
GETCTLHND,スクリプト関数,システム関数関連
IDTOHND,スクリプト関数,システム関数関連
HNDTOID,スクリプト関数,システム関数関連
VARTYPE,スクリプト関数,システム関数関連
MMV,スクリプト関数,ウィンドウ関数低レベル
BTN,スクリプト関数,ウィンドウ関数低レベル
KBD,スクリプト関数,ウィンドウ関数低レベル
ACW,スクリプト関数,ウィンドウ関数低レベル
COPY,スクリプト関数,文字操作関連
POS,スクリプト関数,文字操作関連
LENGTH,スクリプト関数,文字操作関連
CHKNUM,スクリプト関数,文字操作関連
VAL,スクリプト関数,文字操作関連
REPLACE,スクリプト関数,文字操作関連
CHGMOJ,スクリプト関数,文字操作関連
TRIM,スクリプト関数,文字操作関連
FORMAT,スクリプト関数,文字操作関連
CHR,スクリプト関数,文字操作関連
ASC,スクリプト関数,文字操作関連
ISUNICODE,スクリプト関数,文字操作関連
STRCONV,スクリプト関数,文字操作関連
TOKEN,スクリプト関数,文字操作関連
BETWEENSTR,スクリプト関数,文字操作関連
COPYB,スクリプト関数,文字操作関連
LENGTHB,スクリプト関数,文字操作関連
POSB,スクリプト関数,文字操作関連
CHRB,スクリプト関数,文字操作関連
ASCB,スクリプト関数,文字操作関連
LENGTHS,スクリプト関数,文字操作関連
RESIZE,スクリプト関数,配列操作関連
SETCLEAR,スクリプト関数,配列操作関連
SHIFTARRAY,スクリプト関数,配列操作関連
CALCARRAY,スクリプト関数,配列操作関連
SPLIT,スクリプト関数,配列操作関連
JOIN,スクリプト関数,配列操作関連
SLICE,スクリプト関数,配列操作関連
QSORT,スクリプト関数,配列操作関連
FOPEN,スクリプト関数,ファイル関連
FGET,スクリプト関数,ファイル関連
FPUT,スクリプト関数,ファイル関連
FDELLINE,スクリプト関数,ファイル関連
FCLOSE,スクリプト関数,ファイル関連
DELETEFILE,スクリプト関数,ファイル関連
GETDIR,スクリプト関数,ファイル関連
DROPFILE,スクリプト関数,ファイル関連
READINI,スクリプト関数,INIファイル
WRITEINI,スクリプト関数,INIファイル
DELETEINI,スクリプト関数,INIファイル
CREATEOLEOBJ,スクリプト関数,COMオブジェクト
GETACTIVEOLEOBJ,スクリプト関数,COMオブジェクト
GETOLEITEM,スクリプト関数,COMオブジェクト
OLEEVENT,スクリプト関数,COMオブジェクト
SAFEARRAY,スクリプト関数,COMオブジェクト
SPEAK,スクリプト関数,音声認識/合成
RECOSTATE,スクリプト関数,音声認識/合成
DICTATE,スクリプト関数,音声認識/合成
IEGETDATA,スクリプト関数,IE操作関連
IESETDATA,スクリプト関数,IE操作関連
IEGETSRC,スクリプト関数,IE操作関連
IESETSRC,スクリプト関数,IE操作関連
IELINK,スクリプト関数,IE操作関連
ENCODE,スクリプト関数,IE操作関連
DECODE,スクリプト関数,IE操作関連
CREATEFORM,スクリプト関数,フォーム画面
GETFORMDATA,スクリプト関数,フォーム画面
SETFORMDATA,スクリプト関数,フォーム画面
XLOPEN,スクリプト関数,Excel操作関連
XLCLOSE,スクリプト関数,Excel操作関連
XLACTIVATE,スクリプト関数,Excel操作関連
XLSHEET,スクリプト関数,Excel操作関連
XLGETDATA,スクリプト関数,Excel操作関連
XLSETDATA,スクリプト関数,Excel操作関連
RANDOM,スクリプト関数,数学関数
ABS,スクリプト関数,数学関数
ZCUT,スクリプト関数,数学関数
INT,スクリプト関数,数学関数
CEIL,スクリプト関数,数学関数
ROUND,スクリプト関数,数学関数
SQRT,スクリプト関数,数学関数
POWER,スクリプト関数,数学関数
EXP,スクリプト関数,数学関数
LN,スクリプト関数,数学関数
LOGN,スクリプト関数,数学関数
SIN,スクリプト関数,数学関数
COS,スクリプト関数,数学関数
TAN,スクリプト関数,数学関数
ARCSIN,スクリプト関数,数学関数
ARCCOS,スクリプト関数,数学関数
ARCTAN,スクリプト関数,数学関数
DIM,スクリプト構文,変数
PUBLIC,スクリプト構文,変数
AND,スクリプト構文,演算式
OR,スクリプト構文,演算式
XOR,スクリプト構文,演算式
MOD,スクリプト構文,演算式
CONST,スクリプト構文,定数定義
TRUE,スクリプト構文,組込み定数
FALSE,スクリプト構文,組込み定数
NULL,スクリプト構文,組込み定数
EMPTY,スクリプト構文,組込み定数
NOTHING,スクリプト構文,組込み定数
OPTION,スクリプト構文,OPTION指定
EXPLICIT,スクリプト構文,OPTION指定
SAMESTR,スクリプト構文,OPTION指定
OPTPUBLIC,スクリプト構文,OPTION指定
OPTFINALLY,スクリプト構文,OPTION指定
SPECIALCHAR,スクリプト構文,OPTION指定
SHORTCIRCUIT,スクリプト構文,OPTION指定
NOSTOPHOTKEY,スクリプト構文,OPTION指定
TOPSTOPFORM,スクリプト構文,OPTION指定
DEFAULTFONT,スクリプト構文,OPTION指定
POSITION,スクリプト構文,OPTION指定
LOGPATH,スクリプト構文,OPTION指定
LOGLINES,スクリプト構文,OPTION指定
LOGFILE,スクリプト構文,OPTION指定
DLGTITLE,スクリプト構文,OPTION指定
DEF_DLL,スクリプト構文,DLL 使用定義
THREAD,スクリプト構文,スレッド生成
MODULE,スクリプト構文,MODULE化
ENDMODULE,スクリプト構文,MODULE化
CLASS,スクリプト構文,MODULE化
ENDCLASS,スクリプト構文,MODULE化
THIS,スクリプト構文,MODULE化
GLOBAL,スクリプト構文,MODULE化
WITH,スクリプト構文,WITH文
ENDWITH,スクリプト構文,WITH文
TEXTBLOCK,スクリプト構文,複数行文字列の定義
ENDTEXTBLOCK,スクリプト構文,複数行文字列の定義
HASHTBL,スクリプト構文,連想配列
TRY,スクリプト構文,例外処理
FINALLY,スクリプト構文,例外処理
EXCEPT,スクリプト構文,例外処理
ENDTRY,スクリプト構文,例外処理
COM_ERR_IGN,スクリプト構文,COMエラーメッセージの抑止
COM_ERR_RET,スクリプト構文,COMエラーメッセージの抑止
PROCEDURE,スクリプト構文,関数の定義
FUNCTION,スクリプト構文,関数の定義
VAR,スクリプト構文,関数の定義
RESULT,スクリプト構文,関数の定義
FEND,スクリプト構文,関数の定義
IF,スクリプト構文,制御文
IFB,スクリプト構文,制御文
THEN,スクリプト構文,制御文
ELSE,スクリプト構文,制御文
ELSEIF,スクリプト構文,制御文
ENDIF,スクリプト構文,制御文
FOR,スクリプト構文,制御文
TO,スクリプト構文,制御文
STEP,スクリプト構文,制御文
IN,スクリプト構文,制御文
NEXT,スクリプト構文,制御文
WHILE,スクリプト構文,制御文
WEND,スクリプト構文,制御文
REPEAT,スクリプト構文,制御文
UNTIL,スクリプト構文,制御文
BREAK,スクリプト構文,制御文
CONTINUE,スクリプト構文,制御文
SELECT,スクリプト構文,制御文
CASE,スクリプト構文,制御文
DEFAULT,スクリプト構文,制御文
SELEND,スクリプト構文,制御文
EXIT,スクリプト構文,制御文
EXITEXIT,スクリプト構文,制御文
CALL,スクリプト構文,制御文
PRINT,スクリプト構文,制御文
GET_ACTIVE_WIN,定数,GETID/GETCTLHND
GET_FROMPOINT_WIN,定数,GETID/GETCTLHND
GET_FROMPOINT_OBJ,定数,GETID/GETCTLHND
GET_THISUWSC_WIN,定数,GETID/GETCTLHND
GET_LOGPRINT_WIN,定数,GETID/GETCTLHND
GET_BALLOON_WIN,定数,GETID/GETCTLHND
GET_FUKIDASI_WIN,定数,GETID/GETCTLHND
GET_FORM_WIN,定数,GETID/GETCTLHND
GET_FORM_WIN2,定数,GETID/GETCTLHND
GET_SCHEDULE_WIN,定数,GETID/GETCTLHND
GET_MENU_HND,定数,GETID/GETCTLHND
GET_SYSMENU_HND,定数,GETID/GETCTLHND
GET_SLIDER,定数,GETID/GETCTLHND
CLK_BTN,定数,CLKITEM
CLK_LIST,定数,CLKITEM
CLK_TAB,定数,CLKITEM
CLK_MENU,定数,CLKITEM
CLK_TREEVIEW,定数,CLKITEM
CLK_TREEVEW,定数,CLKITEM
CLK_LISTVIEW,定数,CLKITEM
CLK_LSTVEW,定数,CLKITEM
CLK_TOOLBAR,定数,CLKITEM
CLK_ACC,定数,CLKITEM
CLK_SHORT,定数,CLKITEM
CLK_BACK,定数,CLKITEM
CLK_MUSMOVE,定数,CLKITEM
CLK_MOUSEMOVE,定数,CLKITEM
CLK_RIGHTCLK,定数,CLKITEM
CLK_LEFTCLK,定数,CLKITEM
CLK_DBLCLK,定数,CLKITEM
CLK_FROMLAST,定数,CLKITEM
CLK_CONTINUE,定数,CLKITEM
CLOSE,定数,CTRLWIN
CLOSE2,定数,CTRLWIN
ACTIVATE,定数,CTRLWIN
HIDE,定数,CTRLWIN
SHOW,定数,CTRLWIN
MIN,定数,CTRLWIN
MAX,定数,CTRLWIN
NORMAL,定数,CTRLWIN
TOPMOST,定数,CTRLWIN
NOTOPMOST,定数,CTRLWIN
TOPNOACTV,定数,CTRLWIN
STR_EDIT,定数,GETSTR/SENDSTR
STR_STATIC,定数,GETSTR/SENDSTR
STR_STATUS,定数,GETSTR/SENDSTR
STR_ACC_EDIT,定数,GETSTR/SENDSTR
STR_ACC_STATIC,定数,GETSTR/SENDSTR
STR_ACC_CELL,定数,GETSTR/SENDSTR
ITM_BTN,定数,GETITEM
ITM_LIST,定数,GETITEM
ITM_TAB,定数,GETITEM
ITM_MENU,定数,GETITEM
ITM_TREEVIEW,定数,GETITEM
ITM_TREEVEW,定数,GETITEM
ITM_LISTVIEW,定数,GETITEM
ITM_LSTVEW,定数,GETITEM
ITM_EDIT,定数,GETITEM
ITM_STATIC,定数,GETITEM
ITM_STATUSBAR,定数,GETITEM
ITM_TOOLBAR,定数,GETITEM
ITM_ACCCLK,定数,GETITEM
ITM_ACCCLK2,定数,GETITEM
ITM_ACCTXT,定数,GETITEM
ITM_ACCEDIT,定数,GETITEM
ITM_FROMLAST,定数,GETITEM
ITM_BACK,定数,GETITEM
SLD_POS,定数,GETSLIDER
SLD_MIN,定数,GETSLIDER
SLD_MAX,定数,GETSLIDER
SLD_PAGE,定数,GETSLIDER
SLD_BAR,定数,GETSLIDER
SLD_X,定数,GETSLIDER
SLD_Y,定数,GETSLIDER
ST_TITLE,定数,STATUS
ST_CLASS,定数,STATUS
ST_X,定数,STATUS
ST_Y,定数,STATUS
ST_WIDTH,定数,STATUS
ST_HEIGHT,定数,STATUS
ST_CLX,定数,STATUS
ST_CLY,定数,STATUS
ST_CLWIDTH,定数,STATUS
ST_CLHEIGHT,定数,STATUS
ST_PARENT,定数,STATUS
ST_ICON,定数,STATUS
ST_MAXIMIZED,定数,STATUS
ST_VISIBLE,定数,STATUS
ST_ACTIVE,定数,STATUS
ST_BUSY,定数,STATUS
ST_ISID,定数,STATUS
ST_WIN64,定数,STATUS
ST_PATH,定数,STATUS
ST_PROCESS,定数,STATUS
ST_MONITOR,定数,STATUS
MORG_CLIENT,定数,MOUSEORG
MORG_DIRECT,定数,MOUSEORG
MORG_FORE,定数,MOUSEORG
MORG_BACK,定数,MOUSEORG
COL_RGB,定数,PEEKCOLOR
COL_R,定数,PEEKCOLOR
COL_G,定数,PEEKCOLOR
COL_B,定数,PEEKCOLOR
IMG_MSK_BGR1,定数,CHKIMG/SAVEIMG
IMG_MSK_BGR2,定数,CHKIMG/SAVEIMG
IMG_MSK_BGR3,定数,CHKIMG/SAVEIMG
IMG_MSK_BGR4,定数,CHKIMG/SAVEIMG
IMG_MSK_B1,定数,CHKIMG/SAVEIMG
IMG_MSK_B2,定数,CHKIMG/SAVEIMG
IMG_MSK_B3,定数,CHKIMG/SAVEIMG
IMG_MSK_B4,定数,CHKIMG/SAVEIMG
IMG_MSK_G1,定数,CHKIMG/SAVEIMG
IMG_MSK_G2,定数,CHKIMG/SAVEIMG
IMG_MSK_G3,定数,CHKIMG/SAVEIMG
IMG_MSK_G4,定数,CHKIMG/SAVEIMG
IMG_MSK_R1,定数,CHKIMG/SAVEIMG
IMG_MSK_R2,定数,CHKIMG/SAVEIMG
IMG_MSK_R3,定数,CHKIMG/SAVEIMG
IMG_MSK_R4,定数,CHKIMG/SAVEIMG
IMG_FORE,定数,CHKIMG/SAVEIMG
IMG_BACK,定数,CHKIMG/SAVEIMG
CUR_APPSTARTING,定数,MUSCUR
CUR_ARROW,定数,MUSCUR
CUR_CROSS,定数,MUSCUR
CUR_HAND,定数,MUSCUR
CUR_HELP,定数,MUSCUR
CUR_IBEAM,定数,MUSCUR
CUR_NO,定数,MUSCUR
CUR_SIZEALL,定数,MUSCUR
CUR_SIZENESW,定数,MUSCUR
CUR_SIZENS,定数,MUSCUR
CUR_SIZENWSE,定数,MUSCUR
CUR_SIZEWE,定数,MUSCUR
CUR_UPARROW,定数,MUSCUR
CUR_WAIT,定数,MUSCUR
ACC_ACC,定数,POSACC
ACC_API,定数,POSACC
ACC_NAME,定数,POSACC
ACC_VALUE,定数,POSACC
ACC_ROLE,定数,POSACC
ACC_STATE,定数,POSACC
ACC_DESCRIPTION,定数,POSACC
ACC_LOCATION,定数,POSACC
ACC_BACK,定数,POSACC
BTN_YES,定数,MSGBOX
BTN_NO,定数,MSGBOX
BTN_OK,定数,MSGBOX
BTN_CANCEL,定数,MSGBOX
BTN_ABORT,定数,MSGBOX
BTN_RETRY,定数,MSGBOX
BTN_IGNORE,定数,MSGBOX
SLCT_BTN,定数,SLCTBOX
SLCT_CHK,定数,SLCTBOX
SLCT_RDO,定数,SLCTBOX
SLCT_CMB,定数,SLCTBOX
SLCT_LST,定数,SLCTBOX
SLCT_STR,定数,SLCTBOX
SLCT_NUM,定数,SLCTBOX
SLCT_1,定数,SLCTBOX
SLCT_2,定数,SLCTBOX
SLCT_3,定数,SLCTBOX
SLCT_4,定数,SLCTBOX
SLCT_5,定数,SLCTBOX
SLCT_6,定数,SLCTBOX
SLCT_7,定数,SLCTBOX
SLCT_8,定数,SLCTBOX
SLCT_9,定数,SLCTBOX
SLCT_10,定数,SLCTBOX
SLCT_11,定数,SLCTBOX
SLCT_12,定数,SLCTBOX
SLCT_13,定数,SLCTBOX
SLCT_14,定数,SLCTBOX
SLCT_15,定数,SLCTBOX
SLCT_16,定数,SLCTBOX
SLCT_17,定数,SLCTBOX
SLCT_18,定数,SLCTBOX
SLCT_19,定数,SLCTBOX
SLCT_20,定数,SLCTBOX
SLCT_21,定数,SLCTBOX
SLCT_22,定数,SLCTBOX
SLCT_23,定数,SLCTBOX
SLCT_24,定数,SLCTBOX
SLCT_25,定数,SLCTBOX
SLCT_26,定数,SLCTBOX
SLCT_27,定数,SLCTBOX
SLCT_28,定数,SLCTBOX
SLCT_29,定数,SLCTBOX
SLCT_30,定数,SLCTBOX
SLCT_31,定数,SLCTBOX
MON_X,定数,MONITOR
MON_Y,定数,MONITOR
MON_WIDTH,定数,MONITOR
MON_HEIGHT,定数,MONITOR
MON_NAME,定数,MONITOR
P_POWEROFF,定数,POFF
P_LOGOFF,定数,POFF
P_REBOOT,定数,POFF
P_SUSPEND,定数,POFF
P_SUSPEND2,定数,POFF
P_MONIPOWER,定数,POFF
P_MONIPOWER2,定数,POFF
P_MONIPOWER3,定数,POFF
P_SCREENSAVE,定数,POFF
P_UWSC_REEXEC,定数,POFF
P_FORCE,定数,POFF
TGL_IME,定数,GETKEYSTATE
TGL_NUMLOCK,定数,GETKEYSTATE
TGL_CAPSLOCK,定数,GETKEYSTATE
TGL_SCROLLLOCK,定数,GETKEYSTATE
TGL_KANALOCK,定数,GETKEYSTATE
MOD_ALT,定数,SETHOTKEY
MOD_CONTROL,定数,SETHOTKEY
MOD_SHIFT,定数,SETHOTKEY
MOD_WIN,定数,SETHOTKEY
LOCK_KEYBOARD,定数,LOCKHARDEX
LOCK_MOUSE,定数,LOCKHARDEX
SNSR_Biometric_HumanPresense,定数,SENSOR
SNSR_Biometric_HumanProximity,定数,SENSOR
SNSR_Electrical_Capacitance,定数,SENSOR
SNSR_Electrical_Resistance,定数,SENSOR
SNSR_Electrical_Inductance,定数,SENSOR
SNSR_Electrical_Current,定数,SENSOR
SNSR_Electrical_Voltage,定数,SENSOR
SNSR_Electrical_Power,定数,SENSOR
SNSR_Environmental_Temperature,定数,SENSOR
SNSR_Environmental_Pressure,定数,SENSOR
SNSR_Environmental_Humidity,定数,SENSOR
SNSR_Environmental_WindDirection,定数,SENSOR
SNSR_Environmental_WindSpeed,定数,SENSOR
SNSR_Light_Lux,定数,SENSOR
SNSR_Light_Temperature,定数,SENSOR
SNSR_Mechanical_Force,定数,SENSOR
SNSR_Mechanical_AbsPressure,定数,SENSOR
SNSR_Mechanical_GaugePressure,定数,SENSOR
SNSR_Mechanical_Weight,定数,SENSOR
SNSR_Motion_AccelerationX,定数,SENSOR
SNSR_Motion_AccelerationY,定数,SENSOR
SNSR_Motion_AccelerationZ,定数,SENSOR
SNSR_Motion_AngleAccelX,定数,SENSOR
SNSR_Motion_AngleAccelY,定数,SENSOR
SNSR_Motion_AngleAccelZ,定数,SENSOR
SNSR_Motion_Speed,定数,SENSOR
SNSR_Scanner_RFIDTag,定数,SENSOR
SNSR_Scanner_BarcodeData,定数,SENSOR
SNSR_Orientation_TiltX,定数,SENSOR
SNSR_Orientation_TiltY,定数,SENSOR
SNSR_Orientation_TiltZ,定数,SENSOR
SNSR_Orientation_DistanceX,定数,SENSOR
SNSR_Orientation_DistanceY,定数,SENSOR
SNSR_Orientation_DistanceZ,定数,SENSOR
SNSR_Orientation_MagHeading,定数,SENSOR
SNSR_Orientation_TrueHeading,定数,SENSOR
SNSR_Orientation_CompMagHeading,定数,SENSOR
SNSR_Orientation_CompTrueHeading,定数,SENSOR
SNSR_Location_Altitude,定数,SENSOR
SNSR_Location_Latitude,定数,SENSOR
SNSR_Location_Longitude,定数,SENSOR
SNSR_Location_Speed,定数,SENSOR
VAR_EMPTY,定数,VARTYPE
VAR_NULL,定数,VARTYPE
VAR_SMALLINT,定数,VARTYPE
VAR_INTEGER,定数,VARTYPE
VAR_SINGLE,定数,VARTYPE
VAR_DOUBLE,定数,VARTYPE
VAR_CURRENCY,定数,VARTYPE
VAR_DATE,定数,VARTYPE
VAR_DISPATCH,定数,VARTYPE
VAR_ERROR,定数,VARTYPE
VAR_BOOLEAN,定数,VARTYPE
VAR_VARIANT,定数,VARTYPE
VAR_UNKNOWN,定数,VARTYPE
VAR_SBYTE,定数,VARTYPE
VAR_BYTE,定数,VARTYPE
VAR_WORD,定数,VARTYPE
VAR_DWORD,定数,VARTYPE
VAR_INT64,定数,VARTYPE
VAR_ASTR,定数,VARTYPE
VAR_USTR,定数,VARTYPE
VAR_ARRAY,定数,VARTYPE
LEFT,定数,BTN
RIGHT,定数,BTN
MIDDLE,定数,BTN
WHEEL,定数,BTN
CLICK,定数,BTN
DOWN,定数,BTN
UP,定数,BTN
ERR_VALUE,定数,VAL
SC_LOWERCASE,定数,STRCONV
SC_UPPERCASE,定数,STRCONV
SC_HIRAGANA,定数,STRCONV
SC_KATAKANA,定数,STRCONV
SC_HALFWIDTH,定数,STRCONV
SC_FULLWIDTH,定数,STRCONV
CALC_ADD,定数,CALCARRAY
CALC_MIN,定数,CALCARRAY
CALC_MAX,定数,CALCARRAY
CALC_AVR,定数,CALCARRAY
QSRT_A,定数,QSORT
QSRT_D,定数,QSORT
QSRT_UNICODEA,定数,QSORT
QSRT_UNICODED,定数,QSORT
QSRT_NATURALA,定数,QSORT
QSRT_NATURALD,定数,QSORT
F_READ,定数,FOPEN/FGET/FPUT
F_WRITE,定数,FOPEN/FGET/FPUT
F_EXISTS,定数,FOPEN/FGET/FPUT
F_EXCLUSIVE,定数,FOPEN/FGET/FPUT
F_TAB,定数,FOPEN/FGET/FPUT
F_NOCR,定数,FOPEN/FGET/FPUT
F_WRITE8,定数,FOPEN/FGET/FPUT
F_WRITE8B,定数,FOPEN/FGET/FPUT
F_WRITE16,定数,FOPEN/FGET/FPUT
F_WRITE1,定数,FOPEN/FGET/FPUT
F_LINECOUNT,定数,FOPEN/FGET/FPUT
F_ALLTEXT,定数,FOPEN/FGET/FPUT
F_INSERT,定数,FOPEN/FGET/FPUT
CODE_ANSI,定数,ENCODE/DECODE
CODE_URL,定数,ENCODE/DECODE
CODE_UTF8,定数,ENCODE/DECODE
CODE_HTML,定数,ENCODE/DECODE
CODE_BYTEARRAY,定数,ENCODE/DECODE
CODE_BYTEARRAYW,定数,ENCODE/DECODE
FOM_NOICON,定数,CREATEFORM/GETFORMDATA
FOM_MINIMIZE,定数,CREATEFORM/GETFORMDATA
FOM_MAXIMIZE,定数,CREATEFORM/GETFORMDATA
FOM_NOHIDE,定数,CREATEFORM/GETFORMDATA
FOM_NOSUBMIT,定数,CREATEFORM/GETFORMDATA
FOM_NORESIZE,定数,CREATEFORM/GETFORMDATA
FOM_BROWSER,定数,CREATEFORM/GETFORMDATA
FOM_FORMHIDE,定数,CREATEFORM/GETFORMDATA
FOM_TOPMOST,定数,CREATEFORM/GETFORMDATA
FOM_NOTASKBAR,定数,CREATEFORM/GETFORMDATA
FOM_FORM2,定数,CREATEFORM/GETFORMDATA
FOM_GETVALUE,定数,CREATEFORM/GETFORMDATA
XL_NEW,定数,XLOPEN
XL_BOOK,定数,XLOPEN
XL_OOOC,定数,XLOPEN
HASH_CASECARE,定数,連想配列
HASH_SORT,定数,連想配列
HASH_EXISTS,定数,連想配列
HASH_REMOVE,定数,連想配列
HASH_KEY,定数,連想配列
HASH_VAL,定数,連想配列
HASH_REMOVEALL,定数,連想配列
VK_LBUTTON,定数,定義済み仮想キー
VK_RBUTTON,定数,定義済み仮想キー
VK_MBUTTON,定数,定義済み仮想キー
VK_BACK,定数,定義済み仮想キー
VK_TAB,定数,定義済み仮想キー
VK_CLEAR,定数,定義済み仮想キー
VK_RETURN,定数,定義済み仮想キー
VK_ENTER,定数,定義済み仮想キー
VK_SHIFT,定数,定義済み仮想キー
VK_CTRL,定数,定義済み仮想キー
VK_CONTROL,定数,定義済み仮想キー
VK_MENU,定数,定義済み仮想キー
VK_ALT,定数,定義済み仮想キー
VK_PAUSE,定数,定義済み仮想キー
VK_CAPITAL,定数,定義済み仮想キー
VK_KANA,定数,定義済み仮想キー
VK_FINAL,定数,定義済み仮想キー
VK_KANJI,定数,定義済み仮想キー
VK_ESCAPE,定数,定義済み仮想キー
VK_ESC,定数,定義済み仮想キー
VK_CONVERT,定数,定義済み仮想キー
VK_NONCONVERT,定数,定義済み仮想キー
VK_ACCEPT,定数,定義済み仮想キー
VK_MODECHANGE,定数,定義済み仮想キー
VK_SPACE,定数,定義済み仮想キー
VK_PRIOR,定数,定義済み仮想キー
VK_NEXT,定数,定義済み仮想キー
VK_END,定数,定義済み仮想キー
VK_HOME,定数,定義済み仮想キー
VK_LEFT,定数,定義済み仮想キー
VK_UP,定数,定義済み仮想キー
VK_RIGHT,定数,定義済み仮想キー
VK_DOWN,定数,定義済み仮想キー
VK_SELECT,定数,定義済み仮想キー
VK_PRINT,定数,定義済み仮想キー
VK_EXECUTE,定数,定義済み仮想キー
VK_SNAPSHOT,定数,定義済み仮想キー
VK_INSERT,定数,定義済み仮想キー
VK_DELETE,定数,定義済み仮想キー
VK_HELP,定数,定義済み仮想キー
VK_0,定数,定義済み仮想キー
VK_1,定数,定義済み仮想キー
VK_2,定数,定義済み仮想キー
VK_3,定数,定義済み仮想キー
VK_4,定数,定義済み仮想キー
VK_5,定数,定義済み仮想キー
VK_6,定数,定義済み仮想キー
VK_7,定数,定義済み仮想キー
VK_8,定数,定義済み仮想キー
VK_9,定数,定義済み仮想キー
VK_A,定数,定義済み仮想キー
VK_B,定数,定義済み仮想キー
VK_C,定数,定義済み仮想キー
VK_D,定数,定義済み仮想キー
VK_E,定数,定義済み仮想キー
VK_F,定数,定義済み仮想キー
VK_G,定数,定義済み仮想キー
VK_H,定数,定義済み仮想キー
VK_I,定数,定義済み仮想キー
VK_J,定数,定義済み仮想キー
VK_K,定数,定義済み仮想キー
VK_L,定数,定義済み仮想キー
VK_M,定数,定義済み仮想キー
VK_N,定数,定義済み仮想キー
VK_O,定数,定義済み仮想キー
VK_P,定数,定義済み仮想キー
VK_Q,定数,定義済み仮想キー
VK_R,定数,定義済み仮想キー
VK_S,定数,定義済み仮想キー
VK_T,定数,定義済み仮想キー
VK_U,定数,定義済み仮想キー
VK_V,定数,定義済み仮想キー
VK_W,定数,定義済み仮想キー
VK_X,定数,定義済み仮想キー
VK_Y,定数,定義済み仮想キー
VK_Z,定数,定義済み仮想キー
VK_WIN,定数,定義済み仮想キー
VK_RWIN,定数,定義済み仮想キー
VK_START,定数,定義済み仮想キー
VK_APPS,定数,定義済み仮想キー
VK_SLEEP,定数,定義済み仮想キー
VK_NUMPAD0,定数,定義済み仮想キー
VK_NUMPAD1,定数,定義済み仮想キー
VK_NUMPAD2,定数,定義済み仮想キー
VK_NUMPAD3,定数,定義済み仮想キー
VK_NUMPAD4,定数,定義済み仮想キー
VK_NUMPAD5,定数,定義済み仮想キー
VK_NUMPAD6,定数,定義済み仮想キー
VK_NUMPAD7,定数,定義済み仮想キー
VK_NUMPAD8,定数,定義済み仮想キー
VK_NUMPAD9,定数,定義済み仮想キー
VK_MULTIPLY,定数,定義済み仮想キー
VK_ADD,定数,定義済み仮想キー
VK_SEPARATOR,定数,定義済み仮想キー
VK_SUBTRACT,定数,定義済み仮想キー
VK_DECIMAL,定数,定義済み仮想キー
VK_DIVIDE,定数,定義済み仮想キー
VK_F1,定数,定義済み仮想キー
VK_F2,定数,定義済み仮想キー
VK_F3,定数,定義済み仮想キー
VK_F4,定数,定義済み仮想キー
VK_F5,定数,定義済み仮想キー
VK_F6,定数,定義済み仮想キー
VK_F7,定数,定義済み仮想キー
VK_F8,定数,定義済み仮想キー
VK_F9,定数,定義済み仮想キー
VK_F10,定数,定義済み仮想キー
VK_F11,定数,定義済み仮想キー
VK_F12,定数,定義済み仮想キー
VK_NUMLOCK,定数,定義済み仮想キー
VK_SCROLL,定数,定義済み仮想キー
VK_LSHIFT,定数,定義済み仮想キー
VK_RSHIFT,定数,定義済み仮想キー
VK_RCONTROL,定数,定義済み仮想キー
VK_RCTRL,定数,定義済み仮想キー
VK_LMENU,定数,定義済み仮想キー
VK_RMENU,定数,定義済み仮想キー
VK_RALT,定数,定義済み仮想キー
VK_BROWSER_BACK,定数,定義済み仮想キー
VK_BROWSER_FORWARD,定数,定義済み仮想キー
VK_BROWSER_REFRESH,定数,定義済み仮想キー
VK_BROWSER_STOP,定数,定義済み仮想キー
VK_BROWSER_SEARCH,定数,定義済み仮想キー
VK_BROWSER_FAVORITES,定数,定義済み仮想キー
VK_BROWSER_HOME,定数,定義済み仮想キー
VK_VOLUME_MUTE,定数,定義済み仮想キー
VK_VOLUME_DOWN,定数,定義済み仮想キー
VK_VOLUME_UP,定数,定義済み仮想キー
VK_MEDIA_NEXT_TRACK,定数,定義済み仮想キー
VK_MEDIA_PREV_TRACK,定数,定義済み仮想キー
VK_MEDIA_STOP,定数,定義済み仮想キー
VK_MEDIA_PLAY_PAUSE,定数,定義済み仮想キー
VK_LAUNCH_MAIL,定数,定義済み仮想キー
VK_LAUNCH_MEDIA_SELECT,定数,定義済み仮想キー
VK_LAUNCH_APP1,定数,定義済み仮想キー
VK_LAUNCH_APP2,定数,定義済み仮想キー
VK_OEM_1,定数,定義済み仮想キー
VK_OEM_PLUS,定数,定義済み仮想キー
VK_OEM_COMMA,定数,定義済み仮想キー
VK_OEM_MINUS,定数,定義済み仮想キー
VK_OEM_PERIOD,定数,定義済み仮想キー
VK_OEM_2,定数,定義済み仮想キー
VK_OEM_3,定数,定義済み仮想キー
VK_OEM_4,定数,定義済み仮想キー
VK_OEM_5,定数,定義済み仮想キー
VK_OEM_6,定数,定義済み仮想キー
VK_OEM_7,定数,定義済み仮想キー
VK_OEM_8,定数,定義済み仮想キー
VK_OEM_AX,定数,定義済み仮想キー
VK_OEM_102,定数,定義済み仮想キー
VK_ICO_00,定数,定義済み仮想キー
VK_PROCESSKEY,定数,定義済み仮想キー
VK_ICO_CLEAR,定数,定義済み仮想キー
VK_PACKET,定数,定義済み仮想キー
VK_OEM_RESET,定数,定義済み仮想キー
VK_OEM_JUMP,定数,定義済み仮想キー
VK_OEM_PA1,定数,定義済み仮想キー
VK_OEM_PA2,定数,定義済み仮想キー
VK_OEM_PA3,定数,定義済み仮想キー
VK_OEM_WSCTRL,定数,定義済み仮想キー
VK_OEM_CUSEL,定数,定義済み仮想キー
VK_OEM_ATTN,定数,定義済み仮想キー
VK_OEM_FINISH,定数,定義済み仮想キー
VK_OEM_COPY,定数,定義済み仮想キー
VK_OEM_AUTO,定数,定義済み仮想キー
VK_OEM_ENLW,定数,定義済み仮想キー
VK_OEM_BACKTAB,定数,定義済み仮想キー
VK_ATTN,定数,定義済み仮想キー
VK_CRSEL,定数,定義済み仮想キー
VK_EXSEL,定数,定義済み仮想キー
VK_EREOF,定数,定義済み仮想キー
VK_PLAY,定数,定義済み仮想キー
VK_ZOOM,定数,定義済み仮想キー
VK_OEM_CLEAR,定数,定義済み仮想キー
VK_RRETURN,定数,定義済み仮想キー
PARAM_STR,配列変数,起動時パラメーター
ALL_WIN_ID,配列変数,GETALLWIN
ALL_ITEM_LIST,配列変数,GETITEM
GETDIR_FILES,配列変数,GETDIR
ALL_OLE_ITEM,配列変数,GETOLEITEM
ALL_IMG_X,配列変数,CHKIMG
ALL_IMG_Y,配列変数,CHKIMG
EVENT_PRM,配列変数,OLEEVENT
G_MOUSE_X,特殊変数,特殊変数
G_MOUSE_Y,特殊変数,特殊変数
GET_WIN_DIR,特殊変数,特殊変数
GET_SYS_DIR,特殊変数,特殊変数
GET_CUR_DIR,特殊変数,特殊変数
GET_APPDATA_DIR,特殊変数,特殊変数
GET_UWSC_DIR,特殊変数,特殊変数
GET_UWSC_VER,特殊変数,特殊変数
GET_UWSC_PRO,特殊変数,特殊変数
GET_UWSC_NAME,特殊変数,特殊変数
G_SCREEN_W,特殊変数,特殊変数
G_SCREEN_H,特殊変数,特殊変数
G_SCREEN_C,特殊変数,特殊変数
G_IMG_X,特殊変数,CHKIMG
G_IMG_Y,特殊変数,CHKIMG
COM_ERR_FLG,特殊変数,COMエラーメッセージの抑止
TRY_ERRMSG,特殊変数,例外処理
TRY_ERRLINE,特殊変数,例外処理
HOTKEY_VK,特殊変数,SETHOTKEY
HOTKEY_MOD,特殊変数,SETHOTKEY
G_TIME_YY,特殊変数,GETTIME
G_TIME_MM,特殊変数,GETTIME
G_TIME_DD,特殊変数,GETTIME
G_TIME_HH,特殊変数,GETTIME
G_TIME_NN,特殊変数,GETTIME
G_TIME_SS,特殊変数,GETTIME
G_TIME_ZZ,特殊変数,GETTIME
G_TIME_WW,特殊変数,GETTIME
G_TIME_YY2,特殊変数,GETTIME
G_TIME_MM2,特殊変数,GETTIME
G_TIME_DD2,特殊変数,GETTIME
G_TIME_HH2,特殊変数,GETTIME
G_TIME_NN2,特殊変数,GETTIME
G_TIME_SS2,特殊変数,GETTIME
G_TIME_ZZ2,特殊変数,GETTIME
G_TIME_YY4,特殊変数,GETTIME
